Workbook

Sheet Product Backlog (Geral)
B2: PRODUCT BACKLOG (GERAL)
B4: US | C4: Prioridade | D4: Descrição | E4: Tópico | F4: Etapa nº
B5: US01 | C5: =VLOOKUP(B5,'Sprint Backlog'!C:I,2,0) -> Alta | D5: =VLOOKUP(B5,'Sprint Backlog'!C:I,3,0) -> Identificar a empresa e objetivo | E5: =VLOOKUP(B5,'Sprint Backlog'!C:I,4,0) -> Discovery | F5: =VLOOKUP(B5,'Sprint Backlog'!C:I,5,0) -> 1
B6: US02 | C6: =VLOOKUP(B6,'Sprint Backlog'!C:I,2,0) -> Alta | D6: =VLOOKUP(B6,'Sprint Backlog'!C:I,3,0) -> Mapear stakeholders | E6: =VLOOKUP(B6,'Sprint Backlog'!C:I,4,0) -> Discovery | F6: =VLOOKUP(B6,'Sprint Backlog'!C:I,5,0) -> 1
B7: US03 | C7: =VLOOKUP(B7,'Sprint Backlog'!C:I,2,0) -> Alta | D7: =VLOOKUP(B7,'Sprint Backlog'!C:I,3,0) -> Definir escopo macro | E7: =VLOOKUP(B7,'Sprint Backlog'!C:I,4,0) -> Discovery | F7: =VLOOKUP(B7,'Sprint Backlog'!C:I,5,0) -> 1
B8: US04 | C8: =VLOOKUP(B8,'Sprint Backlog'!C:I,2,0) -> Alta | D8: =VLOOKUP(B8,'Sprint Backlog'!C:I,3,0) -> Identificar atores | E8: =VLOOKUP(B8,'Sprint Backlog'!C:I,4,0) -> Requisitos | F8: =VLOOKUP(B8,'Sprint Backlog'!C:I,5,0) -> 2
B9: US05 | C9: =VLOOKUP(B9,'Sprint Backlog'!C:I,2,0) -> Alta | D9: =VLOOKUP(B9,'Sprint Backlog'!C:I,3,0) -> Requisitos funcionais | E9: =VLOOKUP(B9,'Sprint Backlog'!C:I,4,0) -> Requisitos | F9: =VLOOKUP(B9,'Sprint Backlog'!C:I,5,0) -> 2
B10: US06 | C10: =VLOOKUP(B10,'Sprint Backlog'!C:I,2,0) -> Alta | D10: =VLOOKUP(B10,'Sprint Backlog'!C:I,3,0) -> Requisitos não funcionais | E10: =VLOOKUP(B10,'Sprint Backlog'!C:I,4,0) -> Requisitos | F10: =VLOOKUP(B10,'Sprint Backlog'!C:I,5,0) -> 2
B11: US07 | C11: =VLOOKUP(B11,'Sprint Backlog'!C:I,2,0) -> Alta | D11: =VLOOKUP(B11,'Sprint Backlog'!C:I,3,0) -> Diagrama de casos de uso | E11: =VLOOKUP(B11,'Sprint Backlog'!C:I,4,0) -> Requisitos | F11: =VLOOKUP(B11,'Sprint Backlog'!C:I,5,0) -> 2
B12: US08 | C12: =VLOOKUP(B12,'Sprint Backlog'!C:I,2,0) -> Alta | D12: =VLOOKUP(B12,'Sprint Backlog'!C:I,3,0) -> Narrativas de casos de uso | E12: =VLOOKUP(B12,'Sprint Backlog'!C:I,4,0) -> Requisitos | F12: =VLOOKUP(B12,'Sprint Backlog'!C:I,5,0) -> 2
B13: US09 | C13: =VLOOKUP(B13,'Sprint Backlog'!C:I,2,0) -> Alta | D13: =VLOOKUP(B13,'Sprint Backlog'!C:I,3,0) -> Protótipo das telas | E13: =VLOOKUP(B13,'Sprint Backlog'!C:I,4,0) -> Interface | F13: =VLOOKUP(B13,'Sprint Backlog'!C:I,5,0) -> 3
B14: US10 | C14: =VLOOKUP(B14,'Sprint Backlog'!C:I,2,0) -> Alta | D14: =VLOOKUP(B14,'Sprint Backlog'!C:I,3,0) -> Fluxo de navegação | E14: =VLOOKUP(B14,'Sprint Backlog'!C:I,4,0) -> Interface | F14: =VLOOKUP(B14,'Sprint Backlog'!C:I,5,0) -> 3
B15: US11 | C15: =VLOOKUP(B15,'Sprint Backlog'!C:I,2,0) -> Alta | D15: =VLOOKUP(B15,'Sprint Backlog'!C:I,3,0) -> Criar repositório GitHub | E15: =VLOOKUP(B15,'Sprint Backlog'!C:I,4,0) -> Configuração | F15: =VLOOKUP(B15,'Sprint Backlog'!C:I,5,0) -> 3
B16: US12 | C16: =VLOOKUP(B16,'Sprint Backlog'!C:I,2,0) -> Alta | D16: =VLOOKUP(B16,'Sprint Backlog'!C:I,3,0) -> Subir docs e liberar acesso | E16: =VLOOKUP(B16,'Sprint Backlog'!C:I,4,0) -> Configuração | F16: =VLOOKUP(B16,'Sprint Backlog'!C:I,5,0) -> 3
... B28: US24 | C28: =VLOOKUP(B28,'Sprint Backlog'!C:I,2,0) -> Alta | D28: =VLOOKUP(B28,'Sprint Backlog'!C:I,3,0) -> Revisão final + GitHub | E28: =VLOOKUP(B28,'Sprint Backlog'!C:I,4,0) -> Finalização | F28: =VLOOKUP(B28,'Sprint Backlog'!C:I,5,0) -> 8

Sheet Sprint Backlog
C2: SPRINT BACKLOG
D5: Sprint 1 - Discovery & Setup
C6: US | D6: Prioridade | E6: Descrição | F6: Tópico | G6: Etapa nº | H6: Início | I6: Fim
C7: US01 | D7: Alta | E7: Identificar a empresa e objetivo | F7: Discovery | G7: 1 | H7: 45950 | I7: 45950 | K7: FASE | L7: INICIO | M7: FIM
C8: US02 | D8: Alta | E8: Mapear stakeholders | F8: Discovery | G8: 1 | H8: 45951 | I8: 45951 | K8: SPRINT 1 | L8: 45950 | M8: 45959 | N8: SIMULAÇÃO DA SPRINT
C9: US03 | D9: Alta | E9: Definir escopo macro | F9: Discovery | G9: 1 | H9: 45952 | I9: 45953 | K9: SPRINT 2 | L9: 45960 | M9: 45968 | N9: SIMULAÇÃO DA SPRINT
C10: US11 | D10: Alta | E10: Criar repositório GitHub | F10: Configuração | G10: 3 | H10: 45953 | I10: 45953
C11: US12 | D11: Alta | E11: Subir docs e liberar acesso | F11: Configuração | G11: 3 | H11: 45954 | I11: 45954
C12: US15 | D12: Alta | E12: Refinar Product Backlog | F12: SCRUM | G12: 5 | H12: 45957 | I12: 45958
C13: US16 | D13: Alta | E13: Planejar sprints de desenvolvimento | F13: SCRUM | G13: 5 | H13: 45958 | I13: 45958
C14: US17 | D14: Média | E14: Template do burndown | F14: SCRUM | G14: 5 | H14: 45953 | I14: 45953
D16: Sprint 2 - Requisitos & Interface
C17: US | D17: Prioridade | E17: Descrição | F17: Tópico | G17: Etapa nº | H17: Início | I17: Fim
C18: US04 | D18: Alta | E18: Identificar atores | F18: Requisitos | G18: 2 | H18: 45959 | I18: 45960
C19: US05 | D19: Alta | E19: Requisitos funcionais | F19: Requisitos | G19: 2 | H19: 45960 | I19: 45961
C20: US06 | D20: Alta | E20: Requisitos não funcionais | F20: Requisitos | G20: 2 | H20: 45960 | I20: 45961
C21: US07 | D21: Alta | E21: Diagrama de casos de uso | F21: Requisitos | G21: 2 | H21: 45961 | I21: 45964
C22: US08 | D22: Alta | E22: Narrativas de casos de uso | F22: Requisitos | G22: 2 | H22: 45964 | I22: 45965
C23: US09 | D23: Alta | E23: Protótipo das telas | F23: Interface | G23: 3 | H23: 45965 | I23: 45966
C24: US10 | D24: Alta | E24: Fluxo de navegação | F24: Interface | G24: 3 | H24: 45966 | I24: 45967
D26: Sprint 3 - Métricas & Projeto
C27: US | D27: Prioridade | E27: Descrição | F27: Tópico | G27: Etapa nº | H27: Início | I27: Fim
C28: US13 | D28: Alta | E28: Calcular Pontos de Função | F28: Métricas | G28: 4 | H28: 45968 | I28: 45971
C29: US14 | D29: Alta | E29: Definir métricas | F29: Métricas | G29: 4 | H29: 45971 | I29: 45972
C30: US18 | D30: Alta | E30: Diagrama de Classes | F30: Projeto | G30: 6 | H30: 45972 | I30: 45973
C31: US19 | D31: Alta | E31: Diagrama de Sequência | F31: Projeto | G31: 6 | H31: 45973 | I31: 45974
C32: US20 | D32: Alta | E32: Máquina de Estados | F32: Projeto | G32: 6 | H32: 45974 | I32: 45978
D34: Sprint 4 -Testes & Finalização
C35: US | D35: Prioridade | E35: Descrição | F35: Tópico | G35: Etapa nº | H35: Início | I35: Fim
C36: US21 | D36: Alta | E36: Plano de Testes | F36: Testes | G36: 7 | H36: 45979 | I36: 45980
C37: US22 | D37: Alta | E37: Casos e cenários de teste | F37: Testes | G37: 7 | H37: 45981 | I37: 45982
C38: US23 | D38: Alta | E38: Burndown real | F38: SCRUM | G38: 5 | H38: 45985 | I38: 45986
C39: US24 | D39: Alta | E39: Revisão final + GitHub | F39: Finalização | G39: 8 | H39: 45986 | I39: 45987

Sheet Burndown Chart S1 e S2
B2: SPRINTS - CÁLCULO
B5: S1 | H5: S2
B6: Dia | C6: Sprint 1 | D6: Ideal (h) | E6: Planejada (h) | F6: Executada (h) | H6: Dia | I6: Sprint 2 | J6: Ideal (h) | K6: Planejada (h) | L6: Executada (h)
B7: =TEXT(C7,"ddd") -> seg | C7: 45950 | D7: 14 | E7: 14 | F7: =E7-E8 -> 2.33 | H7: =TEXT(I7,"ddd") -> qua | I7: 45959 | J7: 22 | K7: 22 | L7: =K7-K8 -> 3.67
B8: =TEXT(C8,"ddd") -> ter | C8: 45951 | D8: 14 | E8: =E7-2.33 -> 11.67 | F8: =E8-E9 -> 2.33 | H8: =TEXT(I8,"ddd") -> qui | I8: 45960 | J8: 22 | K8: =K7-3.67 -> 18.33 | L8: =K8-K9 -> 3.67
B9: =TEXT(C9,"ddd") -> qua | C9: 45952 | D9: 14 | E9: =E8-2.33 -> 9.34 | F9: =E9-E10 -> 2.33 | H9: =TEXT(I9,"ddd") -> sex | I9: 45961 | J9: 22 | K9: =K8-3.67 -> 14.66 | L9: =K9-K10 -> 3.67
B10: =TEXT(C10,"ddd") -> qui | C10: 45953 | D10: 14 | E10: =E9-2.33 -> 7.01 | F10: =E10-E11 -> 2.33 | H10: =TEXT(I10,"ddd") -> seg | I10: 45964 | J10: 22 | K10: =K9-3.67 -> 10.99 | L10: =K10-K11 -> 3.67
B11: =TEXT(C11,"ddd") -> sex | C11: 45954 | D11: 14 | E11: =E10-2.33 -> 4.68 | F11: =E11-E12 -> 2.33 | H11: =TEXT(I11,"ddd") -> ter | I11: 45965 | J11: 22 | K11: =K10-3.67 -> 7.32 | L11: =K11-K12 -> 3.67
B12: =TEXT(C12,"ddd") -> seg | C12: 45957 | D12: 14 | E12: =E11-2.33 -> 2.35 | F12: =E12-E13 -> 2.35 | H12: =TEXT(I12,"ddd") -> qua | I12: 45966 | J12: 22 | K12: =K11-3.67 -> 3.65 | L12: =K12-K13 -> 3.65
B13: =TEXT(C13,"ddd") -> ter | C13: 45958 | D13: 14 | E13: 0 | F13: =E13-K5 -> 0 | H13: =TEXT(I13,"ddd") -> qui | I13: 45967 | J13: 22 | K13: 0 | L13: =K13-K14 -> 0
